name,roll,email,uid
Johnny Singh,11912000,johny@sam.com,ijhgfbSMiRgFjjB0XMK9V7U25slk
Elon,11912025,elon@sam.com,5yiLGvyUHca2V7IjsARbhztnX0g1
Rahul Tiwari,12345678,rahul@sam.com,BbqJ4loVrTZwIQxkEF4GwYGd9Ur2
Rohit Kumar,11912064,rohit@sam.com,Kcjmke03tab0ciAqOYdbbTatYYJ2
Akshay,11912088,akshay@sam.com,TC0sF91kabPO8oG4zrkLpkuIklN2
test1,12345678,test1@sam.com,TmzvRTz6R8QoxnPJPEMDPqFvOd52
Shreya,11912055,shreya@sam.com,U0OmZRIcPtO3zhAlfgGH8vsrBPF2
Nikhil Arora,11912063,nikhil@sam.com,axLtD0E51pOqm2l69Ew9xuDjggs2
Ansh Tyagi,11912078,ansh@sam.com,bCrrK2Y7HhTxTq15TPH0RJTMZH82
Barack O'niel,11912034,barack@sam.com,cQe4eqXYMLhBzvDD6tcbcoM4Oyd2
Bill,11912003,bill@sam.com,eKnxBpyUrXWTSoMV0j8owQPkjFW2
Vaibhav Bhaskar,11912060,vaibhav@sam.com,hslkSlTr6wPF0i1KuMhzxACNiQB2
Siddhant Tiwari,11912070,siddhant@sam.com,iQ6FkbSMiRgFjjB0XMK9V7U18Sk2
Pranati Gupta,11912002,pranati@sam.com,tNGog3QcvSUFzYvUguEcWmZbbvG3
John,11912033,john@sam.com,uK2ZaMxa5khzfvIjLdxYKRs9J1d2
Mahesh,11912080,mahesh@sam.com,vvL9sswlmwU3e8p4k0fbj2R8UO62
Pulkit Goyal,11912066,pulkit@sam.com,x53bGZXs4YYKGYMDIyC7vJN0xJr1
Steve,11912035,steve@sam.com,zpSGgXbh72TBf8r7jh0Lp3335S62
Modi,11912077,modi@sam.com,7ljjq9xtDMUGVDRsjdi1N8hGOwj1
Khabib,11912037,khabib@sam.com,A6Vohw2NhgVoa5ooEkT90GOnDPC2
Diaz,11912097,diaz@sam.com,B8J0E5niENYUJp0BiugW3knD6CD2
Chan,11912093,chan@sam.com,EdgtcqVNaqM8s5LzjRL5tTe9H1m1
Evans,11912055,evans@sam.com,JPXU5Ec53DPiDMJ2c1UaWEL78LH3
Leo,11912039,leo@sam.com,LaDuJAbFDFgqC5hjJQcIY6NfJHq1
Chris,11912094,chris@sam.com,NzD4WqHTSaS78LwKGzj3AL3olEA3
Dwayne,11912098,dwayne@sam.com,fX2gJLw0XiMYBgECQcMUglqKDSL2
jones,11912034,jones@sam.com,jRQrRtsBMYOAMRjs5TSRNYXmeR22
kolhi,11912038,kolhi@sam.com,lQZetyhbzAfX99eq4rgGJp099x02
Floyd,11912023,floyd@sam.com,nImc9lv2zreomyUkbwk21535KFo2
Keanu,11912036,keanu@sam.com,o8Sio8koaCh0rCuKqGTK4SHNyif2
Conor,11912095,conor@sam.com,szpaE5H9iaSBueDtxZM5zarHaEd2
Ben,11912091,Ben@sam.com,t2FtauYgFDNFm6gz9JBmLJsQlaJ3
George,11912033,george@sam.com,t6CewuLcmndEs4P3hEbX5joCtCY2
Bezos,11912092,bezos@sam.com,wdCu6vy315RsveouVJ2cbasTgZs2
Effron,11912099,effron@sam.com,x3JQLjoYyDNSMZnmXFxmWSLcSX43
Daniel Cormier,11912096,daniel@sam.com,z8GqKwvsJhTGjsLaivJuosIS8ro2
